Advertiser Name,Funding Entity,Creative,Start date,End Date,Provincia,Targeted Segments,Excluded Targeting Segments,Impressions,Reach,Facts And Circumstances Of Removal,Enforcement Action,Statement Of Reason
"Mercadona","Mercadona SA",https://x.com/Mercadona/status/1746857258720362501,2024-01-15T00:00:00Z,2024-01-16T00:00:00Z,N/A,"Spain","",228767,227543,N/A,N/A,N/A
"Mercadona","Mercadona SA",https://x.com/Mercadona/status/1701966464285131062,2023-09-13T00:00:00Z,2023-09-14T00:00:00Z,N/A,"Spain","",193519,176116,N/A,N/A,N/A
"Mercadona","Mercadona SA",https://x.com/Mercadona/status/1699369350858240117,2023-09-06T00:00:00Z,2023-09-07T00:00:00Z,N/A,"Spain","",342108,295486,N/A,N/A,N/A
"Mercadona","Mercadona SA",https://x.com/Mercadona/status/1762077551936106607,2024-02-26T00:00:00Z,2024-02-27T00:00:00Z,N/A,"Spain","",447027,268076,N/A,N/A,N/A
"Mercadona","Mercadona SA",https://x.com/Mercadona/status/1730140842273239078,N/A,N/A,Almería,"04130 / Almería, ES,04120 / Almería, ES,04002 / Almería, ES,04009 / Almería, ES,04150 / Almería, ES,04131 / Almería, ES,04005 / Almería, ES,04006 / Almería, ES,04008 / Almería, ES,04003 / Almería, ES,04007 / Almería, ES,04004 / Almería, ES,04001 / Almería, ES,04160 / Almería, ES","",13703,11500,N/A,N/A,N/A
"Mercadona","Mercadona SA",https://x.com/Mercadona/status/1708851834499310061,2023-10-02T00:00:00Z,2023-10-03T00:00:00Z,N/A,"Spain","",401658,347049,N/A,N/A,N/A
"Mercadona","Mercadona SA",https://x.com/Mercadona/status/1739586854716912073,2023-12-26T00:00:00Z,2023-12-27T00:00:00Z,N/A,"Spain","",559230,553586,N/A,N/A,N/A
"Mercadona","Mercadona SA",https://x.com/Mercadona/status/1706706941689340321,2023-09-27T00:00:00Z,2023-10-04T00:00:00Z,Guipúzcoa,"Gipuzkoa / Guipúzcoa, ES","",42236,26360,N/A,N/A,N/A
"Mercadona","Mercadona SA",https://x.com/Mercadona/status/1727711103071699346,2023-11-23T00:00:00Z,2023-11-24T00:00:00Z,N/A,"Spain","",111356,106342,N/A,N/A,N/A
"Mercadona","Mercadona SA",https://x.com/Mercadona/status/1706572657590694027,2023-09-26T00:00:00Z,2023-09-27T00:00:00Z,N/A,"Spain","",225907,199756,N/A,N/A,N/A
"Mercadona","Mercadona SA",https://x.com/Mercadona/status/1727726199458115898,2023-11-23T00:00:00Z,2023-11-25T00:00:00Z,N/A,"Spain,perfumería,recetas,revista,navidad","",237908,206192,N/A,N/A,N/A
"Mercadona","Mercadona SA",https://x.com/Mercadona/status/1760772643110764698,N/A,N/A,Gerona,"Torelló, ES,Ripoll, ES,Manlleu, ES,Olot, ES,Anglès, ES,Banyoles, ES,Roda de Ter, ES","",-,-,N/A,N/A,N/A
"Mercadona","Mercadona SA",https://x.com/Mercadona/status/1754890191309836399,N/A,N/A,N/A,"Spain","",474469,289566,N/A,N/A,N/A
"Mercadona","Mercadona SA",https://x.com/Mercadona/status/1701273691475066994,2023-09-12T00:00:00Z,2023-10-12T00:00:00Z,Barcelona,"Barcelona, ES,Sabadell, ES,L'Hospitalet de Llobregat / Hospitalet de Llobregat, ES,Santa Coloma de Cervelló, ES,Molins de Rei, ES,Vallirana, ES,el Papiol / El Papiol, ES,Sant Vicenç dels Horts, ES,Sant Andreu de la Barca, ES,Torrelles de Llobregat, ES,l'Hospitalet de Llobregat / Hospitalet de Llobregat / L'Hospitalet de Llobregat, ES,Sant Joan Despí, ES,Sant Just Desvern, ES,Badia del Vallès, ES,Sant Boi de Llobregat, ES,Cornellà de Llobregat, ES,Esplugues de Llobregat, ES,Badalona, ES,Castelldefels, ES,Sant Feliu de Llobregat, ES,Barberà del Vallès, ES,Santa Coloma de Gramenet, ES,el Prat de Llobregat / El Prat de Llobregat, ES,Sant Adrià de Besòs, ES,Pallejà, ES,Cervelló, ES,Montcada i Reixac, ES,Gavà, ES,Ripollet, ES,Viladecans, ES","",378301,199369,N/A,N/A,N/A
"Mercadona","Mercadona SA",https://x.com/Mercadona/status/1708880514281623834,2023-10-03T00:00:00Z,2023-10-10T00:00:00Z,Barcelona,"Berga, ES,Solsona, ES,Ripoll, ES","",9841,4821,N/A,N/A,N/A
"Mercadona","Mercadona SA",https://x.com/Mercadona/status/1731724118792314970,2023-12-07T00:00:00Z,2023-12-12T00:00:00Z,Huesca,"Huesca, ES","",20884,13841,N/A,N/A,N/A
"Mercadona","Mercadona SA",https://x.com/Mercadona/status/1762757029242740953,2024-02-28T00:00:00Z,2024-02-29T00:00:00Z,N/A,"Spain","",572070,365790,N/A,N/A,N/A
"Mercadona","Mercadona SA",https://x.com/Mercadona/status/1699792135917109678,2023-09-07T00:00:00Z,2023-09-08T00:00:00Z,N/A,"Spain","",385757,356064,N/A,N/A,N/A
"Mercadona","Mercadona SA",https://x.com/Mercadona/status/1717805831528358381,2023-10-27T00:00:00Z,2023-10-28T00:00:00Z,N/A,"Spain,Halloween,#Halloween","",320608,302852,N/A,N/A,N/A
"Mercadona","Mercadona SA",https://x.com/Mercadona/status/1760326011290288399,2024-02-21T00:00:00Z,2024-02-22T00:00:00Z,N/A,"Spain","",524687,261762,N/A,N/A,N/A
"Mercadona","Mercadona SA",https://x.com/Mercadona/status/1698595747363479564,2023-09-04T00:00:00Z,2023-09-11T00:00:00Z,Madrid,"Madrid, ES","",679589,443249,N/A,N/A,N/A
"Mercadona","Mercadona SA",https://x.com/Mercadona/status/1747536738514538870,2024-01-17T00:00:00Z,2024-01-18T00:00:00Z,N/A,"Spain","",44391,44672,N/A,N/A,N/A
"Mercadona","Mercadona SA",https://x.com/Mercadona/status/1712746326016831747,2023-10-13T00:00:00Z,2023-10-14T00:00:00Z,N/A,,"Islas Baleares / Balearic Islands, ES,Principado de Asturias / Asturias, ES,Galicia, ES,Melilla, ES,Cantabria, ES,Castilla y León / Castille and Leon, ES,Región de Murcia, ES,Valencia, ES,Ciudad de Melilla, ES,calabaza,La Rioja, ES,recetas,País Vasco / Basque Country, ES,Comunidad Valenciana / Valencia, ES,Ciudad de Ceuta, ES,Extremadura, ES,Aragón / Aragon, ES,Cataluña / Catalonia, ES,Andalucía / Andalusia, ES,Castilla-La Mancha / Castille La Mancha, ES,Comunidad de Madrid / Community of Madrid, ES,Navarre, ES","",412904,406179,N/A,N/A,N/A
"Mercadona","Mercadona SA",https://x.com/Mercadona/status/1709830495570104341,2023-10-05T00:00:00Z,2023-10-07T00:00:00Z,Las Palmas,"Las Palmas de Gran Canaria / Palmas de Gran Canaria, ES","",29405,23488,N/A,N/A,N/A
"Mercadona","Mercadona SA",https://x.com/Mercadona/status/1762787477310656848,2024-02-28T00:00:00Z,2024-02-29T00:00:00Z,N/A,"Spain","",978811,627127,N/A,N/A,N/A
"Mercadona","Mercadona SA",https://x.com/Mercadona/status/1710195687831511107,2023-10-06T00:00:00Z,2023-10-07T00:00:00Z,N/A,"Spain","",402289,360943,N/A,N/A,N/A
"Mercadona","Mercadona SA",https://x.com/Mercadona/status/1723009040031096889,2023-11-10T00:00:00Z,2023-11-17T00:00:00Z,Barcelona,"Barcelona, ES,Sabadell, ES,L'Hospitalet de Llobregat / Hospitalet de Llobregat, ES,Santa Coloma de Cervelló, ES,Molins de Rei, ES,Vallirana, ES,Sant Vicenç dels Horts, ES,Sant Andreu de la Barca, ES,Torrelles de Llobregat, ES,Sant Joan Despí, ES,Sant Just Desvern, ES,Badia del Vallès, ES,Sant Boi de Llobregat, ES,Cornellà de Llobregat, ES,Esplugues de Llobregat, ES,Badalona, ES,Castelldefels, ES,Sant Feliu de Llobregat, ES,Barberà del Vallès, ES,Santa Coloma de Gramenet, ES,el Prat de Llobregat / El Prat de Llobregat, ES,Sant Adrià de Besòs, ES,Pallejà, ES,Cervelló, ES,Montcada i Reixac, ES,Gavà, ES,Ripollet, ES,Viladecans, ES","",221648,128379,N/A,N/A,N/A
"Mercadona","Mercadona SA",https://x.com/Mercadona/status/1716477412211322994,2023-10-24T00:00:00Z,2023-10-31T00:00:00Z,Huesca,"Arres, ES,Vielha e Mijaran, ES,Bausen, ES,Naut Aran, ES,Es Bòrdes, ES,Canejan, ES,Vilamòs, ES,Bossòst, ES","",2331,1431,N/A,N/A,N/A
"Mercadona","Mercadona SA",https://x.com/Mercadona/status/1738107103074468300,2023-12-22T00:00:00Z,2023-12-24T00:00:00Z,N/A,"Spain","",747776,583951,N/A,N/A,N/A
"Mercadona","Mercadona SA",https://x.com/Mercadona/status/1730187418568208636,2023-11-30T00:00:00Z,2023-12-01T00:00:00Z,N/A,"Spain","",726917,630054,N/A,N/A,N/A
"Mercadona","Mercadona SA",https://x.com/Mercadona/status/1704542001524297980,2023-09-21T00:00:00Z,2023-09-28T00:00:00Z,Navarra,"Casalarreina, ES,Ribera Baja, ES,Iruña de Oca, ES,Barrundia, ES,Zuia, ES,Eskoriatza, ES,Iruraiz-Gauna, ES,Condado de Treviño, ES,Mondragón, ES,Zigoitia, ES,Salvatierra, ES,Aretxabaleta, ES,Ribera Alta, ES,Miranda de Ebro, ES,Vitoria-Gasteiz, ES,Elburgo, ES,Alegría-Dulantzi, ES,La Puebla de Arganzón, ES,Legutio, ES,Ollauri, ES,Haro, ES","",28010,17526,N/A,N/A,N/A
"Mercadona","Mercadona SA",https://x.com/Mercadona/status/1747908085144822201,2024-01-18T00:00:00Z,2024-01-24T00:00:00Z,Gerona,"Palamós, ES,Vilajuïga, ES,Albons, ES,Calonge, ES,Pals, ES,Figueres, ES,Palafrugell, ES,Ullastrell, ES,Castell-Platja d'Aro, ES,la Bisbal d'Empordà / La Bisbal d'Empordà, ES,Vilamalla, ES,Roses, ES,Begur, ES,Fortià, ES","",34140,10943,N/A,N/A,N/A
"Mercadona","-",https://x.com/Mercadona/status/1742100919347466561,2024-01-02T00:00:00Z,2024-01-04T00:00:00Z,N/A,"Spain","",1326581,958241,N/A,N/A,N/A
"Mercadona","Mercadona SA",https://x.com/Mercadona/status/1699686438529343729,2023-09-07T00:00:00Z,2023-09-08T00:00:00Z,N/A,"Spain","",400304,341452,N/A,N/A,N/A
"Mercadona","Mercadona SA",https://x.com/Mercadona/status/1754784495897883059,2024-02-06T00:00:00Z,2024-02-08T00:00:00Z,N/A,"Spain","",728728,414821,N/A,N/A,N/A
"Mercadona","Mercadona SA",https://x.com/Mercadona/status/1713925264080617757,2023-10-16T00:00:00Z,2023-10-17T00:00:00Z,N/A,"halloween,Spain","",251946,234660,N/A,N/A,N/A
"Mercadona","Mercadona SA",https://x.com/Mercadona/status/1721807199268417863,2023-11-07T00:00:00Z,2023-11-08T00:00:00Z,N/A,"Spain","",424144,262845,N/A,N/A,N/A
"Mercadona","Mercadona SA",https://x.com/Mercadona/status/1712745762067550701,N/A,N/A,N/A,"Islas Baleares / Balearic Islands, ES,Principado de Asturias / Asturias, ES,Galicia, ES,Melilla, ES,Cantabria, ES,Castilla y León / Castille and Leon, ES,Región de Murcia, ES,Valencia, ES,Ciudad de Melilla, ES,calabaza,La Rioja, ES,recetas,País Vasco / Basque Country, ES,Comunidad Valenciana / Valencia, ES,Ciudad de Ceuta, ES,Extremadura, ES,Aragón / Aragon, ES,Cataluña / Catalonia, ES,Andalucía / Andalusia, ES,Castilla-La Mancha / Castille La Mancha, ES,Comunidad de Madrid / Community of Madrid, ES,Navarre, ES","",419605,408497,N/A,N/A,N/A
"Mercadona","Mercadona SA",https://x.com/Mercadona/status/1727746711097860139,2023-11-24T00:00:00Z,2023-11-25T00:00:00Z,Tarragona,"43206 / Reus, ES,43202 / Reus, ES,43204 / Reus, ES,43201 / Reus, ES,43205 / Reus, ES,43203 / Reus, ES","",3615,3542,N/A,N/A,N/A
"Mercadona","Mercadona SA",https://x.com/Mercadona/status/1762802328195772819,2024-02-28T00:00:00Z,2024-02-29T00:00:00Z,N/A,"Spain","",390137,255120,N/A,N/A,N/A
"Mercadona","Mercadona SA",https://x.com/Mercadona/status/1762137947632197717,2024-02-26T00:00:00Z,2024-02-27T00:00:00Z,N/A,"Spain","",560535,330882,N/A,N/A,N/A
"Mercadona","Mercadona SA",https://x.com/Mercadona/status/1745045320591929829,2024-01-10T00:00:00Z,2024-01-11T00:00:00Z,N/A,"Spain","",633890,543954,N/A,N/A,N/A
"Mercadona","Mercadona SA",https://x.com/Mercadona/status/1745105717424755055,2024-01-10T00:00:00Z,2024-01-11T00:00:00Z,N/A,"Spain","",567202,510947,N/A,N/A,N/A
"Mercadona","Mercadona SA",https://x.com/Mercadona/status/1706205223406993765,2023-09-25T00:00:00Z,2023-10-02T00:00:00Z,Barcelona,"Sant Adrià de Besòs, ES,Santa Coloma de Gramenet, ES,Badalona, ES,Montgat, ES","",38334,20479,N/A,N/A,N/A
"Mercadona","Mercadona SA",https://x.com/Mercadona/status/1716401580315234413,2023-10-23T00:00:00Z,2023-10-24T00:00:00Z,N/A,"halloween,Spain","",491096,450439,N/A,N/A,N/A
"Mercadona","Mercadona SA",https://x.com/Mercadona/status/1730504509527642482,2023-12-01T00:00:00Z,2023-12-02T00:00:00Z,Sevilla,"41003 / Sevilla, ES,41007 / Sevilla, ES,41018 / Sevilla, ES,41005 / Sevilla, ES","",14808,14282,N/A,N/A,N/A
"Mercadona","Mercadona SA",https://x.com/Mercadona/status/1721826605427757437,2023-11-07T00:00:00Z,2023-11-08T00:00:00Z,N/A,"Islas Baleares / Balearic Islands, ES,Principado de Asturias / Asturias, ES,Galicia, ES,Cantabria, ES,Castilla y León / Castille and Leon, ES,Región de Murcia, ES,La Rioja, ES,País Vasco / Basque Country, ES,Comunidad Valenciana / Valencia, ES,Aragón / Aragon, ES,Cataluña / Catalonia, ES,Andalucía / Andalusia, ES,Castilla-La Mancha / Castille La Mancha, ES,Comunidad de Madrid / Community of Madrid, ES,Navarre, ES","",594345,253780,N/A,N/A,N/A
"Mercadona","Mercadona SA",https://x.com/Mercadona/status/1703790694907662697,2023-09-19T00:00:00Z,2023-09-26T00:00:00Z,Barcelona,"la Bisbal d'Empordà / La Bisbal d'Empordà, ES,Santa Coloma de Gramenet, ES,L'Escala / Escala, ES,Banyoles, ES,Sant Feliu de Guíxols, ES","",17970,10148,N/A,N/A,N/A
"Mercadona","Mercadona SA",https://x.com/Mercadona/status/1701132829038465103,2023-09-11T00:00:00Z,2023-09-18T00:00:00Z,Lérida,"Cardona, ES,Agramunt, ES,Oliana, ES,Solsona, ES,Manresa, ES,Pinós, ES,Guissona, ES,Berga, ES,Ponts, ES,Súria, ES,Calaf, ES","",29841,15190,N/A,N/A,N/A
"Mercadona","Mercadona SA",https://x.com/Mercadona/status/1762032253406683587,2024-02-26T00:00:00Z,2024-02-27T00:00:00Z,N/A,"Spain","",305019,193370,N/A,N/A,N/A
"Mercadona","Mercadona SA",https://x.com/Mercadona/status/1697512111189147921,N/A,N/A,N/A,"piscina mantenimiento,Spain,mantenimiento piscinas,piscina,piscinas","",459982,456730,N/A,N/A,N/A
"Mercadona","Mercadona SA",https://x.com/Mercadona/status/1717798286348669134,2023-10-27T00:00:00Z,2023-11-02T00:00:00Z,Lérida,"Seròs, ES,Torrente de Cinca, ES,Fraga, ES,Soses, ES,Candasnos, ES,Aitona, ES,Mequinenza, ES,Sunyer, ES,Alcarràs, ES","",4853,2851,N/A,N/A,N/A
"Mercadona","Mercadona SA",https://x.com/Mercadona/status/1712052924262556156,2023-10-11T00:00:00Z,2023-10-12T00:00:00Z,N/A,"Spain","",489708,316443,N/A,N/A,N/A
"Mercadona","Mercadona SA",https://x.com/Mercadona/status/1704035093885645258,2023-09-19T00:00:00Z,2023-09-21T00:00:00Z,N/A,"sano,Spain,snack,aperitivos,saludable","",387087,319476,N/A,N/A,N/A
"Mercadona","Mercadona SA",https://x.com/Mercadona/status/1759626684322414755,2024-02-20T00:00:00Z,2024-02-27T00:00:00Z,Barcelona,"Barcelona, ES,Sabadell, ES,Santa Coloma de Cervelló, ES,Molins de Rei, ES,El Papiol, ES,Sant Vicenç dels Horts, ES,Sant Andreu de la Barca, ES,Torrelles de Llobregat, ES,l'Hospitalet de Llobregat / Hospitalet de Llobregat / L'Hospitalet de Llobregat, ES,Sant Joan Despí, ES,Sant Just Desvern, ES,Badia del Vallès, ES,Sant Boi de Llobregat, ES,Cornellà de Llobregat, ES,Esplugues de Llobregat, ES,Badalona, ES,Castelldefels, ES,Sant Feliu de Llobregat, ES,Barberà del Vallès, ES,Santa Coloma de Gramenet, ES,el Prat de Llobregat / El Prat de Llobregat, ES,Sant Adrià de Besòs, ES,Pallejà, ES,Cervelló, ES,Montcada i Reixac, ES,Gavà, ES,Ripollet, ES","",488381,204454,N/A,N/A,N/A
"Mercadona","Mercadona SA",https://x.com/Mercadona/status/1712135492676747638,2023-10-13T00:00:00Z,2023-10-20T00:00:00Z,Gerona,"Girona / Gerona, ES,Vilablareix, ES,Bescanó, ES,Banyoles, ES,Sarrià de Ter, ES,Salt, ES,Fornells de la Selva, ES,Cornellà del Terri, ES","",35211,19139,N/A,N/A,N/A
"Mercadona","Mercadona SA",https://x.com/Mercadona/status/1717851132557402471,2023-10-27T00:00:00Z,2023-10-28T00:00:00Z,N/A,"Spain,Halloween,#Halloween","",326417,305791,N/A,N/A,N/A
"Mercadona","-",https://x.com/Mercadona/status/1742213463433207871,2024-01-03T00:00:00Z,2024-01-12T00:00:00Z,Barcelona,"Esparreguera, ES,Sabadell, ES,Rubí, ES,Molins de Rei, ES,Sant Cugat del Vallès, ES,Martorell, ES,Cornellà de Llobregat, ES,Barberà del Vallès, ES,Castellbisbal, ES,Abrera, ES,Terrassa, ES,Olesa de Montserrat, ES","",101257,58974,N/A,N/A,N/A
"Mercadona","Mercadona SA",https://x.com/Mercadona/status/1703672704736334192,2023-09-18T00:00:00Z,2023-09-19T00:00:00Z,N/A,"Spain","",178198,152424,N/A,N/A,N/A
"Mercadona","Mercadona SA",https://x.com/Mercadona/status/1727611800823169191,2023-11-23T00:00:00Z,2023-11-25T00:00:00Z,Pontevedra,"36543 / Silleda, ES,36538 / Rodeiro, ES,36589 / Silleda, ES,36510 / Lalín, ES,36547 / Silleda, ES,36558 / Cerdedo, ES,36596 / Lalín, ES,36540 / Silleda, ES,36544 / Silleda, ES,36528 / Agolada, ES,36529 / Agolada, ES,36548 / Silleda, ES,36598 / Vila de Cruces, ES,36539 / Rodeiro, ES,36517 / Lalín, ES,36580 / Vila de Cruces, ES,36587 / Estrada, A, ES,36519 / Lalín, ES,36557 / Forcarei, ES,36526 / Agolada, ES,36524 / Agolada, ES,36500 / Lalín, ES,36512 / Lalín, ES,36525 / Agolada, ES,36520 / Agolada, ES,36527 / Agolada, ES,36556 / Forcarei, ES,36585 / Vila de Cruces, ES,36599 / Vila de Cruces, ES,36511 / Rodeiro, ES,36597 / Silleda, ES,36559 / Forcarei, ES,36516 / Dozón, ES,36545 / Silleda, ES,36570 / Silleda, ES,36537 / Rodeiro, ES,35550 / San Bartolomé, ES,36515 / Lalín, ES,36546 / Silleda, ES,36590 / Vila de Cruces, ES,36582 / Vila de Cruces, ES,36518 / Dozón, ES,36579 / Silleda, ES,36555 / Forcarei, ES,36530 / Rodeiro, ES,36581 / Vila de Cruces, ES,36586 / Vila de Cruces, ES,36584 / Estrada, A, ES,36583 / Vila de Cruces, ES,36514 / Agolada, ES","",375,366,N/A,N/A,N/A
"Mercadona","Mercadona SA",https://x.com/Mercadona/status/1701277089138143558,2023-09-12T00:00:00Z,2023-09-19T00:00:00Z,Gerona,"Torelló, ES,Ripoll, ES,Montesquiu, ES,les Llosses / Les Llosses, ES,Manlleu, ES,Planoles, ES,Sant Pau de Segúries, ES,Ogassa, ES,Olot, ES,Campelles, ES,Sant Joan de les Abadesses, ES,Sant Boi de Lluçanès, ES,Sant Quirze de Besora, ES,Ribes de Freser, ES,Santa Maria de Besora, ES,Sora, ES","",16917,8968,N/A,N/A,N/A
"Mercadona","Mercadona SA",https://x.com/Mercadona/status/1722533080315928900,2023-11-09T00:00:00Z,2023-11-10T00:00:00Z,N/A,"Spain","",507322,304073,N/A,N/A,N/A
"Mercadona","Mercadona SA",https://x.com/Mercadona/status/1753334944615829937,2024-02-02T00:00:00Z,2024-02-03T00:00:00Z,N/A,"Spain","",1328592,629432,N/A,N/A,N/A
"Mercadona","Mercadona SA",https://x.com/Mercadona/status/1730204340063793411,2023-12-01T00:00:00Z,2023-12-21T00:00:00Z,Barcelona,"Vic, ES,Manlleu, ES,Tona, ES,Taradell, ES,Gurb, ES,Malla, ES,Folgueroles, ES,Roda de Ter, ES","",8818,5909,N/A,N/A,N/A
"Mercadona","Mercadona SA",https://x.com/Mercadona/status/1703718003278299453,2023-09-18T00:00:00Z,2023-09-19T00:00:00Z,N/A,"Spain","",169308,150576,N/A,N/A,N/A
"Mercadona","Mercadona SA",https://x.com/Mercadona/status/1699324052194902243,2023-09-06T00:00:00Z,2023-09-07T00:00:00Z,N/A,"Spain","",386929,332527,N/A,N/A,N/A
"Mercadona","Mercadona SA",https://x.com/Mercadona/status/1717443443897819345,2023-10-26T00:00:00Z,2023-11-01T00:00:00Z,Gerona,"Palamós, ES,Vilajuïga, ES,Torrent, ES,Albons, ES,Calonge, ES,Pals, ES,Figueres, ES,Palafrugell, ES,Castell-Platja d'Aro, ES,la Bisbal d'Empordà / La Bisbal d'Empordà, ES,Vilamalla, ES,Ullastret, ES,Roses, ES,Begur, ES,Fortià, ES","",20342,11186,N/A,N/A,N/A
"Mercadona","Mercadona SA",https://x.com/Mercadona/status/1699820297749250561,2023-09-08T00:00:00Z,2023-09-08T00:00:00Z,Guipúzcoa,"Errenteria, ES,Pasaia, ES,Lasarte-Oria, ES,Irun / Irún, ES,Lezo, ES,San Sebastián, ES,Hondarribia, ES","",265,260,N/A,N/A,N/A
"Mercadona","Mercadona SA",https://x.com/Mercadona/status/1706225602708045961,2023-09-25T00:00:00Z,2023-09-28T00:00:00Z,N/A,"Spain","",392497,278139,N/A,N/A,N/A
"Mercadona","Mercadona SA",https://x.com/Mercadona/status/1704080392372809825,2023-09-19T00:00:00Z,2023-09-21T00:00:00Z,N/A,"sano,Spain,snack,aperitivos,saludable","",317051,262573,N/A,N/A,N/A
"Mercadona","Mercadona SA",https://x.com/Mercadona/status/1716356280355541154,2023-10-23T00:00:00Z,2023-10-24T00:00:00Z,N/A,"halloween,Spain","",536184,485725,N/A,N/A,N/A
"Mercadona","Mercadona SA",https://x.com/Mercadona/status/1719270483630449139,2023-10-31T00:00:00Z,2023-11-02T00:00:00Z,N/A,"croquetas,Spain,airfryer,freidora de aire","",581193,463436,N/A,N/A,N/A
"Mercadona","Mercadona SA",https://x.com/Mercadona/status/1728108991627080054,2023-11-27T00:00:00Z,2023-11-29T00:00:00Z,Madrid,"Boadilla del Monte, ES","",6769,5671,N/A,N/A,N/A
"Mercadona","Mercadona SA",https://x.com/Mercadona/status/1699821563774747104,2023-09-08T00:00:00Z,2023-09-14T00:00:00Z,Huesca,"Huesca, ES","",30151,17670,N/A,N/A,N/A
"Mercadona","Mercadona SA",https://x.com/Mercadona/status/1717820933732212989,2023-10-27T00:00:00Z,2023-11-01T00:00:00Z,Lérida,"Tàrrega, ES,Balaguer, ES,Agramunt, ES,Ciutadilla, ES,les Borges Blanques / Les Borges Blanques, ES,Montblanc, ES,Cervera, ES,Guimerà, ES,Mollerussa, ES","",11266,5671,N/A,N/A,N/A
"Mercadona","Mercadona SA",https://x.com/Mercadona/status/1730572715659076040,2023-12-04T00:00:00Z,2023-12-18T00:00:00Z,Illas Baleares,"Campos, ES,Porreres, ES,Santanyí, ES,Felanitx, ES","",1765,1190,N/A,N/A,N/A
"Mercadona","Mercadona SA",https://x.com/Mercadona/status/1699807236418056693,2023-09-07T00:00:00Z,2023-09-08T00:00:00Z,N/A,"Spain","",90138,82374,N/A,N/A,N/A
"Mercadona","Mercadona SA",https://x.com/Mercadona/status/1747296935097020535,2024-01-17T00:00:00Z,2024-01-18T00:00:00Z,Gerona,"Palamós, ES,Vilajuïga, ES,Albons, ES,Calonge, ES,Pals, ES,Figueres, ES,Palafrugell, ES,Ullastrell, ES,Castell-Platja d'Aro, ES,la Bisbal d'Empordà / La Bisbal d'Empordà, ES,Vilamalla, ES,Roses, ES,Begur, ES,Fortià, ES","",210,210,N/A,N/A,N/A
"Mercadona","Mercadona SA",https://x.com/Mercadona/status/1719993254362407363,2023-11-02T00:00:00Z,2023-11-09T00:00:00Z,Gerona,"Torelló, ES,Ripoll, ES,Cardona, ES,Solsona, ES,Berga, ES,Súria, ES","",12741,4462,N/A,N/A,N/A
"Mercadona","Mercadona SA",https://x.com/Mercadona/status/1706941753637413190,2023-09-27T00:00:00Z,2023-09-29T00:00:00Z,N/A,"Female,Spain","",270588,221561,N/A,N/A,N/A
"Mercadona","Mercadona SA",https://x.com/Mercadona/status/1755509271671005652,2024-02-08T00:00:00Z,2024-02-09T00:00:00Z,N/A,"Spain","",600625,291559,N/A,N/A,N/A
"Mercadona","Mercadona SA",https://x.com/Mercadona/status/1746917658472464546,2024-01-15T00:00:00Z,2024-01-16T00:00:00Z,N/A,"Spain","",222919,226159,N/A,N/A,N/A
"Mercadona","Mercadona SA",https://x.com/Mercadona/status/1723981529842348300,2023-11-13T00:00:00Z,2023-11-14T00:00:00Z,N/A,"Spain","",490554,236691,N/A,N/A,N/A
"Mercadona","Mercadona SA",https://x.com/Mercadona/status/1701906067595071685,2023-09-13T00:00:00Z,2023-09-14T00:00:00Z,N/A,"Spain","",239810,215413,N/A,N/A,N/A
"Mercadona","Mercadona SA",https://x.com/Mercadona/status/1726518242167136467,2023-11-20T00:00:00Z,2023-11-22T00:00:00Z,N/A,"Spain,perfumes","",834832,350652,N/A,N/A,N/A
"Mercadona","-",https://x.com/Mercadona/status/1742463305858338907,2024-01-03T00:00:00Z,2024-01-05T00:00:00Z,N/A,"Spain","",1634529,1242455,N/A,N/A,N/A
"Mercadona","Mercadona SA",https://x.com/Mercadona/status/1704805170201378831,2023-09-21T00:00:00Z,2023-09-22T00:00:00Z,N/A,"Spain","",280328,254218,N/A,N/A,N/A
"Mercadona","Mercadona SA",https://x.com/Mercadona/status/1698601650619875660,2023-09-04T00:00:00Z,2023-09-11T00:00:00Z,Teruel,"Calanda, ES,Maella, ES,Valdeltormo, ES,Mazaleón, ES,Alcorisa, ES,Caspe, ES,Híjar, ES,La Fresneda, ES,Castelserás, ES,Andorra, ES,Alcañiz, ES,Valjunquera, ES,Torrecilla de Alcañiz, ES","",4807,2734,N/A,N/A,N/A
"Mercadona","Mercadona SA",https://x.com/Mercadona/status/1707658971643826207,2023-09-29T00:00:00Z,2023-10-02T00:00:00Z,N/A,"Spain","",485987,381107,N/A,N/A,N/A
"Mercadona","Mercadona SA",https://x.com/Mercadona/status/1762397284111692008,2024-02-27T00:00:00Z,2024-02-29T00:00:00Z,N/A,"Spain","",1959318,916829,N/A,N/A,N/A
"Mercadona","Mercadona SA",https://x.com/Mercadona/status/1715314414994288776,2023-10-20T00:00:00Z,2023-10-21T00:00:00Z,N/A,"Spain","",399459,372474,N/A,N/A,N/A
"Mercadona","Mercadona SA",https://x.com/Mercadona/status/1715269118151045375,2023-10-20T00:00:00Z,2023-10-21T00:00:00Z,N/A,"Spain","",278441,253653,N/A,N/A,N/A
"Mercadona","Mercadona SA",https://x.com/Mercadona/status/1701860766511440185,2023-09-13T00:00:00Z,2023-09-14T00:00:00Z,N/A,"Spain","",274455,244714,N/A,N/A,N/A
"Mercadona","Mercadona SA",https://x.com/Mercadona/status/1760220314733293969,2024-02-21T00:00:00Z,2024-02-22T00:00:00Z,N/A,"Spain","",843709,354943,N/A,N/A,N/A
"Mercadona","Mercadona SA",https://x.com/Mercadona/status/1704102238493249919,N/A,N/A,Guipúzcoa,"Urretxu, ES,Beasain, ES,Hernani, ES,Zarautz, ES,Andoain, ES,Donostia-San Sebastián, ES,Irun / Irún, ES,Azpeitia, ES,Tolosa, ES,Zumaia, ES,Azkoitia, ES","",30582,18492,N/A,N/A,N/A
"Mercadona","Mercadona SA",https://x.com/Mercadona/status/1699761939994570986,2023-09-07T00:00:00Z,2023-09-08T00:00:00Z,N/A,"Spain","",105169,89230,N/A,N/A,N/A
"Mercadona","Mercadona SA",https://x.com/Mercadona/status/1755614966931964047,2024-02-08T00:00:00Z,2024-02-09T00:00:00Z,N/A,"Spain","",520012,273091,N/A,N/A,N/A
"Mercadona","Mercadona SA",https://x.com/Mercadona/status/1740643822579683686,2023-12-29T00:00:00Z,2023-12-31T00:00:00Z,N/A,"Spain","",836221,658070,N/A,N/A,N/A
"Mercadona","Mercadona SA",https://x.com/Mercadona/status/1747582034774462670,2024-01-17T00:00:00Z,2024-01-18T00:00:00Z,N/A,"Spain","",32255,32479,N/A,N/A,N/A
"Mercadona","Mercadona SA",https://x.com/Mercadona/status/1713864867084419232,2023-10-16T00:00:00Z,2023-10-17T00:00:00Z,N/A,"halloween,Spain","",306332,276049,N/A,N/A,N/A
"Mercadona","Mercadona SA",https://x.com/Mercadona/status/1736665100285522178,2023-12-18T00:00:00Z,2023-12-19T00:00:00Z,N/A,"Spain","",807634,638455,N/A,N/A,N/A
"Mercadona","Mercadona SA",https://x.com/Mercadona/status/1753100626391920774,2024-02-02T00:00:00Z,2024-02-09T00:00:00Z,Barcelona,"Torelló, ES,Vic, ES,Manlleu, ES,Tona, ES,Sant Vicenç de Torelló, ES,Taradell, ES,Sant Pere de Torelló, ES,Folgueroles, ES,Olost, ES","",28740,7238,N/A,N/A,N/A
"Mercadona","Mercadona SA",https://x.com/Mercadona/status/1754829793479074249,2024-02-06T00:00:00Z,2024-02-08T00:00:00Z,N/A,"Spain","",523426,321199,N/A,N/A,N/A
"Mercadona","Mercadona SA",https://x.com/Mercadona/status/1727650703210860835,2023-11-23T00:00:00Z,2023-11-24T00:00:00Z,N/A,"Spain","",380990,344178,N/A,N/A,N/A
"Mercadona","Mercadona SA",https://x.com/Mercadona/status/1734853161490210873,2023-12-13T00:00:00Z,2023-12-14T00:00:00Z,N/A,"Spain","",347213,317267,N/A,N/A,N/A
"Mercadona","Mercadona SA",https://x.com/Mercadona/status/1699701539668156825,2023-09-07T00:00:00Z,2023-09-08T00:00:00Z,N/A,"Spain","",116653,94038,N/A,N/A,N/A
"Mercadona","Mercadona SA",https://x.com/Mercadona/status/1754440979967262914,2024-02-05T00:00:00Z,2024-02-06T00:00:00Z,N/A,"Spain","",1319154,581143,N/A,N/A,N/A
"Mercadona","Mercadona SA",https://x.com/Mercadona/status/1757386691445166511,N/A,N/A,Gerona,"Palamós, ES,Girona / Gerona, ES,Tossa de Mar, ES,Cassà de la Selva, ES,Calonge, ES,Llagostera, ES,Palafrugell, ES,Castell-Platja d'Aro, ES,Celrà, ES,la Bisbal d'Empordà / La Bisbal d'Empordà, ES,L'Escala / Escala, ES,Sant Feliu de Guíxols, ES","",66855,24757,N/A,N/A,N/A
"Mercadona","Mercadona SA",https://x.com/Mercadona/status/1714589642912350616,2023-10-18T00:00:00Z,2023-10-19T00:00:00Z,N/A,"Spain","",489682,413809,N/A,N/A,N/A
"Mercadona","Mercadona SA",https://x.com/Mercadona/status/1726522146774519916,2023-11-20T00:00:00Z,2023-11-22T00:00:00Z,Barcelona,"08207 / Sabadell, ES,08226 / Terrassa, ES,08203 / Sabadell, ES,08184 / Palau-solità i Plegamans, ES,08191 / Rubí, ES,08223 / Terrassa, ES,08198 / Sant Cugat del Vallès, ES,08225 / Terrassa, ES,08214 / Badia del Vallès, ES,08173 / Sant Cugat del Vallès, ES,08291 / Ripollet, ES,08233 / Vacarisses, ES,08290 / Cerdanyola del Vallès, ES,08110 / Montcada i Reixac, ES,08192 / Sant Quirze del Vallès, ES,08204 / Sabadell, ES,08231 / Ullastrell, ES,08201 / Sabadell, ES,08224 / Terrassa, ES,08202 / Sabadell, ES,08146 / Gallifa, ES,08196 / Sant Cugat del Vallès, ES,08205 / Sabadell, ES,08210 / Barberà del Vallès, ES,08181 / Sentmenat, ES,08213 / Polinyà, ES,08228 / Terrassa, ES,08221 / Terrassa, ES,08755 / Castellbisbal, ES,08195 / Sant Cugat del Vallès, ES,08211 / Castellar del Vallès, ES,08222 / Terrassa, ES,08193 / Cerdanyola del Vallès, ES,08206 / Sabadell, ES,08130 / Santa Perpètua de Mogoda, ES,08232 / Viladecavalls, ES,08230 / Matadepera, ES,08227 / Terrassa, ES,08197 / Sant Cugat del Vallès, ES,08172 / Sant Cugat del Vallès, ES,08174 / Sant Cugat del Vallès, ES,08212 / Sant Llorenç Savall, ES,08208 / Sabadell, ES,08299 / Rellinars, ES","",84702,40341,N/A,N/A,N/A
"Mercadona","Mercadona SA",https://x.com/Mercadona/status/1730143503689117909,2023-11-30T00:00:00Z,2023-11-30T00:00:00Z,Sevilla,"41003 / Sevilla, ES,41018 / Sevilla, ES,41005 / Sevilla, ES,41007 / Sevilla, ES","",-,-,N/A,N/A,N/A
"Mercadona","Mercadona SA",https://x.com/Mercadona/status/1706617107411296722,2023-09-26T00:00:00Z,2023-09-27T00:00:00Z,N/A,"Spain","",234301,207443,N/A,N/A,N/A
"Mercadona","Mercadona SA",https://x.com/Mercadona/status/1736795892038893746,2023-12-19T00:00:00Z,2023-12-21T00:00:00Z,Barcelona,"Cataluña / Catalonia, ES","",171023,148956,N/A,N/A,N/A
"Mercadona","Mercadona SA",https://x.com/Mercadona/status/1746811962095505631,2024-01-15T00:00:00Z,2024-01-16T00:00:00Z,N/A,"Spain","",211310,213364,N/A,N/A,N/A
"Mercadona","Mercadona SA",https://x.com/Mercadona/status/1734898462599086388,2023-12-13T00:00:00Z,2023-12-14T00:00:00Z,N/A,"Spain","",163902,152850,N/A,N/A,N/A
"Mercadona","Mercadona SA",https://x.com/Mercadona/status/1734980123655364641,2023-12-14T00:00:00Z,2023-12-21T00:00:00Z,Gerona,"Ripoll, ES,Berga, ES,Solsona, ES","",3285,2137,N/A,N/A,N/A
"Mercadona","Mercadona SA",https://x.com/Mercadona/status/1713819567020240928,2023-10-16T00:00:00Z,2023-10-17T00:00:00Z,N/A,"halloween,Spain","",318365,280633,N/A,N/A,N/A
"Mercadona","Mercadona SA",https://x.com/Mercadona/status/1699731737083809835,2023-09-07T00:00:00Z,2023-09-08T00:00:00Z,N/A,"Spain","",411229,369162,N/A,N/A,N/A
"Mercadona","Mercadona SA",https://x.com/Mercadona/status/1703778404049551629,2023-09-18T00:00:00Z,2023-09-19T00:00:00Z,N/A,"Spain","",117344,110429,N/A,N/A,N/A
"Mercadona","Mercadona SA",https://x.com/Mercadona/status/1734958860283314326,2023-12-13T00:00:00Z,2023-12-14T00:00:00Z,N/A,"Spain","",255964,245211,N/A,N/A,N/A
"Mercadona","Mercadona SA",https://x.com/Mercadona/status/1727665802201956596,2023-11-23T00:00:00Z,2023-11-25T00:00:00Z,N/A,"Spain,perfumería,recetas,revista,navidad","",312208,259790,N/A,N/A,N/A
"Mercadona","Mercadona SA",https://x.com/Mercadona/status/1704761640376287637,2023-09-21T00:00:00Z,2023-09-22T00:00:00Z,N/A,"Spain","",300941,269087,N/A,N/A,N/A
"Mercadona","Mercadona SA",https://x.com/Mercadona/status/1750073452793630816,2024-01-25T00:00:00Z,2024-01-26T00:00:00Z,N/A,"Spain","",696511,444187,N/A,N/A,N/A
"Mercadona","Mercadona SA",https://x.com/Mercadona/status/1712007625645412545,2023-10-11T00:00:00Z,2023-10-12T00:00:00Z,N/A,"Spain","",479887,308295,N/A,N/A,N/A
"Mercadona","Mercadona SA",https://x.com/Mercadona/status/1727628742539845694,2023-11-23T00:00:00Z,2023-11-29T00:00:00Z,N/A,"Spain","",1111779,521259,N/A,N/A,N/A
"Mercadona","Mercadona SA",https://x.com/Mercadona/status/1721481269924528616,2023-11-06T00:00:00Z,2023-11-13T00:00:00Z,Gerona,"Gerona, ES","",40161,21380,N/A,N/A,N/A
"Mercadona","Mercadona SA",https://x.com/Mercadona/status/1762396026848043366,2024-02-27T00:00:00Z,2024-02-29T00:00:00Z,N/A,"Spain","",1326065,740205,N/A,N/A,N/A
"Mercadona","Mercadona SA",https://x.com/Mercadona/status/1715374815484289444,2023-10-20T00:00:00Z,2023-10-21T00:00:00Z,N/A,"Spain","",181077,178770,N/A,N/A,N/A
"Mercadona","Mercadona SA",https://x.com/Mercadona/status/1745000020959473859,2024-01-10T00:00:00Z,2024-01-11T00:00:00Z,N/A,"Spain","",471903,408645,N/A,N/A,N/A
"Mercadona","Mercadona SA",https://x.com/Mercadona/status/1732804578481934776,2023-12-11T00:00:00Z,2023-12-18T00:00:00Z,Gerona,"Gerona, ES","",53143,33573,N/A,N/A,N/A
"Mercadona","Mercadona SA",https://x.com/Mercadona/status/1696867962508980638,2023-08-31T00:00:00Z,2023-09-07T00:00:00Z,Navarra,"Casalarreina, ES,Ribera Baja, ES,Iruña de Oca, ES,Barrundia, ES,Zuia, ES,Eskoriatza, ES,Iruraiz-Gauna, ES,Condado de Treviño, ES,Mondragón, ES,Zigoitia, ES,Salvatierra, ES,Aretxabaleta, ES,Miranda de Ebro, ES,Vitoria-Gasteiz, ES,Elburgo, ES,Alegría-Dulantzi, ES,La Puebla de Arganzón, ES,Legutio, ES,Ollauri, ES,Haro, ES","",52342,28667,N/A,N/A,N/A
"Mercadona","Mercadona SA",https://x.com/Mercadona/status/1729925450841895126,2023-11-30T00:00:00Z,2023-12-02T00:00:00Z,Pontevedra,"36315 / Vigo, ES,36210 / Vigo, ES,36392 / Vigo, ES,36209 / Vigo, ES,36202 / Vigo, ES,36331 / Vigo, ES,36390 / Vigo, ES,36207 / Vigo, ES,36201 / Vigo, ES,36214 / Vigo, ES,36206 / Vigo, ES,36215 / Vigo, ES,36213 / Vigo, ES,36205 / Vigo, ES,36310 / Vigo, ES,36204 / Vigo, ES,36216 / Vigo, ES,36314 / Vigo, ES,36330 / Catoira, ES,36313 / Vigo, ES,36203 / Vigo, ES,36212 / Vigo, ES,36318 / Vigo, ES,36312 / Vigo, ES,36317 / Vigo, ES,36208 / Vigo, ES,36211 / Vigo, ES","",25551,21466,N/A,N/A,N/A
"Mercadona","Mercadona SA",https://x.com/Mercadona/status/1713819332537438361,2023-10-16T00:00:00Z,2023-10-23T00:00:00Z,Teruel,"Calanda, ES,Maella, ES,Valdeltormo, ES,Mazaleón, ES,Alcorisa, ES,Caspe, ES,Híjar, ES,La Fresneda, ES,Valderrobres, ES,Castelserás, ES,Andorra, ES,Alcañiz, ES,Fórnoles, ES,Torrecilla de Alcañiz, ES","",5877,2977,N/A,N/A,N/A
"Mercadona","Mercadona SA",https://x.com/Mercadona/status/1727693735641645511,2023-11-23T00:00:00Z,2023-11-25T00:00:00Z,N/A,"Spain,perfumería,recetas,revista,navidad","",283207,234715,N/A,N/A,N/A
"Mercadona","Mercadona SA",https://x.com/Mercadona/status/1762397115521659081,2024-02-27T00:00:00Z,2024-02-29T00:00:00Z,N/A,"Spain","",1508927,856918,N/A,N/A,N/A
"Mercadona","Mercadona SA",https://x.com/Mercadona/status/1698609752907886687,2023-09-20T00:00:00Z,2023-09-25T00:00:00Z,Gerona,"Girona / Gerona, ES,Gerona, ES","",37256,26671,N/A,N/A,N/A
"Mercadona","Mercadona SA",https://x.com/Mercadona/status/1497172022627082245,2024-01-12T00:00:00Z,2024-01-13T00:00:00Z,N/A,"Spain","",613176,509658,N/A,N/A,N/A
"Mercadona","Mercadona SA",https://x.com/Mercadona/status/1746827062529097944,2024-01-15T00:00:00Z,2024-01-16T00:00:00Z,N/A,"Spain","",411207,416804,N/A,N/A,N/A
